1733096951023,166,HTTP,200,OK,Thread Group 1-80,text,true,507,164,164,166
1733096951033,168,HTTP,200,OK,Thread Group 1-14,text,true,507,166,166,168
1733096951033,192,HTTP,200,OK,Thread Group 1-30,text,true,507,170,170,192
1733096951033,267,HTTP,200,OK,Thread Group 1-11,text,true,507,187,187,267
1733096951034,270,HTTP,200,OK,Thread Group 1-111,text,true,507,187,187,270
1733096951034,279,HTTP,200,OK,Thread Group 1-31,text,true,507,188,188,279
1733096951033,283,HTTP,200,OK,Thread Group 1-75,text,true,507,188,188,283
1733096951033,337,HTTP,200,OK,Thread Group 1-10,text,true,521,202,202,337
1733096951027,381,HTTP,200,OK,Thread Group 1-45,text,true,521,212,212,380
1733096951027,385,HTTP,200,OK,Thread Group 1-44,text,true,507,212,212,385
1733096951062,353,HTTP,200,OK,Thread Group 1-115,text,true,549,212,212,353
1733096951031,388,HTTP,200,OK,Thread Group 1-38,text,true,507,212,212,388
1733096951026,437,HTTP,200,OK,Thread Group 1-118,text,true,521,223,223,437
1733096951061,403,HTTP,200,OK,Thread Group 1-61,text,true,507,223,223,402
1733096951034,682,HTTP,200,OK,Thread Group 1-73,text,true,507,294,294,682
1733096951035,888,HTTP,200,OK,Thread Group 1-6,text,true,507,351,351,888
1733096951038,923,HTTP,200,OK,Thread Group 1-59,text,true,507,361,361,923
1733096951032,996,HTTP,200,OK,Thread Group 1-85,text,true,549,379,379,996
1733096951058,1019,HTTP,200,OK,Thread Group 1-29,text,true,507,391,391,1019
1733096951062,1266,HTTP,200,OK,Thread Group 1-55,text,true,549,461,461,1266
1733096951035,1295,HTTP,200,OK,Thread Group 1-105,text,true,549,460,460,1295
1733096951043,1289,HTTP,200,OK,Thread Group 1-126,text,true,549,460,460,1289
1733096951094,1261,HTTP,200,OK,Thread Group 1-140,text,true,549,465,465,1261
1733096951070,1298,HTTP,200,OK,Thread Group 1-133,text,true,507,468,468,1298
1733096951263,1129,HTTP,200,OK,Thread Group 1-182,text,true,507,474,474,1129
1733096951038,1396,HTTP,200,OK,Thread Group 1-60,text,true,507,485,485,1396
1733096951036,1399,HTTP,200,OK,Thread Group 1-104,text,true,521,485,485,1399
1733096951040,1403,HTTP,200,OK,Thread Group 1-125,text,true,507,486,486,1403
1733096951027,1420,HTTP,200,OK,Thread Group 1-100,text,true,507,485,485,1420
1733096951035,1435,HTTP,200,OK,Thread Group 1-7,text,true,507,489,489,1435
1733096951037,1434,HTTP,200,OK,Thread Group 1-22,text,true,507,490,490,1434
1733096951120,1387,HTTP,200,OK,Thread Group 1-147,text,true,521,499,499,1387
1733096951022,1520,HTTP,200,OK,Thread Group 1-67,text,true,507,508,508,1520
1733096951062,1504,HTTP,200,OK,Thread Group 1-92,text,true,549,514,514,1504
1733096951031,1546,HTTP,200,OK,Thread Group 1-39,text,true,521,516,516,1546
1733096951025,1580,HTTP,200,OK,Thread Group 1-50,text,true,549,523,523,1580
1733096951116,1498,HTTP,200,OK,Thread Group 1-146,text,true,549,525,525,1498
1733096951036,1607,HTTP,200,OK,Thread Group 1-4,text,true,521,532,532,1607
1733096951024,1621,HTTP,200,OK,Thread Group 1-99,text,true,521,531,531,1621
1733096951061,1587,HTTP,200,OK,Thread Group 1-95,text,true,549,531,531,1587
1733096951036,1616,HTTP,200,OK,Thread Group 1-3,text,true,549,531,531,1616
1733096951087,1607,HTTP,200,OK,Thread Group 1-138,text,true,535,541,541,1607
1733096951038,1669,HTTP,200,OK,Thread Group 1-96,text,true,521,545,545,1669
1733096951039,1692,HTTP,200,OK,Thread Group 1-76,text,true,507,551,551,1692
1733096951064,1673,HTTP,200,OK,Thread Group 1-113,text,true,507,551,551,1673
1733096951034,1723,HTTP,200,OK,Thread Group 1-87,text,true,549,554,554,1723
1733096951035,1725,HTTP,200,OK,Thread Group 1-5,text,true,507,553,553,1725
1733096951032,1746,HTTP,200,OK,Thread Group 1-74,text,true,507,553,553,1746
1733096951074,1711,HTTP,200,OK,Thread Group 1-134,text,true,507,552,552,1711
1733096951027,1757,HTTP,200,OK,Thread Group 1-47,text,true,507,552,552,1757
1733096951027,1761,HTTP,200,OK,Thread Group 1-46,text,true,535,550,550,1761
1733096951024,1765,HTTP,200,OK,Thread Group 1-98,text,true,507,549,549,1765
1733096951034,1755,HTTP,200,OK,Thread Group 1-89,text,true,521,549,549,1755
1733096951023,1769,HTTP,200,OK,Thread Group 1-82,text,true,535,547,547,1769
1733096951029,1765,HTTP,200,OK,Thread Group 1-63,text,true,521,546,546,1765
1733096951023,1773,HTTP,200,OK,Thread Group 1-101,text,true,549,545,545,1773
1733096951033,1764,HTTP,200,OK,Thread Group 1-91,text,true,521,544,544,1764
1733096951062,1773,HTTP,200,OK,Thread Group 1-114,text,true,521,543,543,1773
1733096951032,1804,HTTP,200,OK,Thread Group 1-34,text,true,521,542,542,1804
1733096951109,1752,HTTP,200,OK,Thread Group 1-144,text,true,549,541,541,1752
1733096951373,1528,HTTP,200,OK,Thread Group 1-210,text,true,549,540,540,1528
1733096951235,1676,HTTP,200,OK,Thread Group 1-175,text,true,507,539,539,1676
1733096951115,1811,HTTP,200,OK,Thread Group 1-145,text,true,521,538,538,1811
1733096951028,1901,HTTP,200,OK,Thread Group 1-43,text,true,549,537,537,1901
1733096951031,1899,HTTP,200,OK,Thread Group 1-93,text,true,535,536,536,1899
1733096951035,1899,HTTP,200,OK,Thread Group 1-8,text,true,549,535,535,1899
1733096951023,1914,HTTP,200,OK,Thread Group 1-83,text,true,549,534,534,1913
1733096951137,1803,HTTP,200,OK,Thread Group 1-152,text,true,549,533,533,1803
1733096951032,1908,HTTP,200,OK,Thread Group 1-35,text,true,549,532,532,1908
1733096951024,1918,HTTP,200,OK,Thread Group 1-117,text,true,535,531,531,1918
1733096951023,1920,HTTP,200,OK,Thread Group 1-78,text,true,507,530,530,1919
1733096951030,1923,HTTP,200,OK,Thread Group 1-41,text,true,507,529,529,1923
1733096951105,1857,HTTP,200,OK,Thread Group 1-143,text,true,521,528,528,1857
1733096951029,1942,HTTP,200,OK,Thread Group 1-122,text,true,521,527,527,1942
1733096951038,1935,HTTP,200,OK,Thread Group 1-26,text,true,507,526,526,1935
1733096951055,1922,HTTP,200,OK,Thread Group 1-129,text,true,549,525,525,1922
1733096951062,1914,HTTP,200,OK,Thread Group 1-69,text,true,549,525,525,1914
1733096951022,1963,HTTP,200,OK,Thread Group 1-54,text,true,507,523,523,1963
1733096951030,1967,HTTP,200,OK,Thread Group 1-70,text,true,507,522,522,1967
1733096951307,1704,HTTP,200,OK,Thread Group 1-192,text,true,521,521,521,1704
1733096951023,1987,HTTP,200,OK,Thread Group 1-66,text,true,535,521,521,1987
1733096951038,1979,HTTP,200,OK,Thread Group 1-58,text,true,549,519,519,1979
1733096951063,1957,HTTP,200,OK,Thread Group 1-131,text,true,507,518,518,1957
1733096951376,1670,HTTP,200,OK,Thread Group 1-211,text,true,507,517,517,1670
1733096951036,2010,HTTP,200,OK,Thread Group 1-107,text,true,507,517,517,2010
1733096951024,2050,HTTP,200,OK,Thread Group 1-51,text,true,507,515,515,2050
1733096951030,2051,HTTP,200,OK,Thread Group 1-40,text,true,507,514,514,2051
1733096951134,1948,HTTP,200,OK,Thread Group 1-151,text,true,535,514,514,1948
1733096951063,2019,HTTP,200,OK,Thread Group 1-94,text,true,521,513,513,2019
1733096951063,2019,HTTP,200,OK,Thread Group 1-77,text,true,549,513,513,2019
1733096951032,2055,HTTP,200,OK,Thread Group 1-37,text,true,507,510,510,2055
1733096951032,2071,HTTP,200,OK,Thread Group 1-88,text,true,549,509,509,2070
1733096951038,2065,HTTP,200,OK,Thread Group 1-24,text,true,521,509,509,2064
1733096951171,1933,HTTP,200,OK,Thread Group 1-159,text,true,521,508,508,1933
1733096951036,2068,HTTP,200,OK,Thread Group 1-16,text,true,535,507,507,2068
1733096951077,2041,HTTP,200,OK,Thread Group 1-135,text,true,535,505,505,2040
1733096951378,1741,HTTP,200,OK,Thread Group 1-212,text,true,535,504,504,1741
1733096951023,2096,HTTP,200,OK,Thread Group 1-106,text,true,549,504,504,2096
1733096951023,2115,HTTP,200,OK,Thread Group 1-116,text,true,549,502,502,2115
1733096951037,2102,HTTP,200,OK,Thread Group 1-19,text,true,535,501,501,2102
1733096951029,2116,HTTP,200,OK,Thread Group 1-42,text,true,521,500,500,2116
1733096951062,2089,HTTP,200,OK,Thread Group 1-108,text,true,535,499,499,2089
1733096951026,2126,HTTP,200,OK,Thread Group 1-49,text,true,535,498,498,2126
1733096951000,2155,HTTP,200,OK,Thread Group 1-2,text,true,549,497,497,2155
1733096951175,1981,HTTP,200,OK,Thread Group 1-160,text,true,535,497,497,1981
1733096951039,2116,HTTP,200,OK,Thread Group 1-56,text,true,535,496,496,2116
1733096951036,2141,HTTP,200,OK,Thread Group 1-12,text,true,521,494,494,2141
1733096951037,2141,HTTP,200,OK,Thread Group 1-71,text,true,549,493,493,2141
1733096951186,1994,HTTP,200,OK,Thread Group 1-163,text,true,521,492,492,1994
1733096951063,2130,HTTP,200,OK,Thread Group 1-65,text,true,549,491,491,2130
1733096951223,1973,HTTP,200,OK,Thread Group 1-169,text,true,507,490,490,1973
1733096951277,1926,HTTP,200,OK,Thread Group 1-186,text,true,521,489,489,1926
1733096951266,1938,HTTP,200,OK,Thread Group 1-183,text,true,521,488,488,1938
1733096951034,2171,HTTP,200,OK,Thread Group 1-13,text,true,549,487,487,2171
1733096951031,2175,HTTP,200,OK,Thread Group 1-110,text,true,549,486,486,2175
1733096951055,2153,HTTP,200,OK,Thread Group 1-127,text,true,549,485,485,2153
1733096951035,2172,HTTP,200,OK,Thread Group 1-1,text,true,549,485,485,2172
1733096951027,2182,HTTP,200,OK,Thread Group 1-109,text,true,549,483,483,2182
1733096951022,2186,HTTP,200,OK,Thread Group 1-79,text,true,549,483,483,2186
1733096951040,2170,HTTP,200,OK,Thread Group 1-120,text,true,549,481,481,2170
1733096951038,2172,HTTP,200,OK,Thread Group 1-84,text,true,549,481,481,2172
1733096951039,2170,HTTP,200,OK,Thread Group 1-57,text,true,549,479,479,2170
1733096951316,1898,HTTP,200,OK,Thread Group 1-194,text,true,521,478,478,1897
1733096951220,1996,HTTP,200,OK,Thread Group 1-170,text,true,535,477,477,1996
1733096951259,1957,HTTP,200,OK,Thread Group 1-180,text,true,549,476,476,1957
1733096951152,2065,HTTP,200,OK,Thread Group 1-155,text,true,521,476,476,2065
1733096951092,2125,HTTP,200,OK,Thread Group 1-139,text,true,535,474,474,2125
1733096951154,2064,HTTP,200,OK,Thread Group 1-156,text,true,535,473,473,2064
1733096951024,2194,HTTP,200,OK,Thread Group 1-53,text,true,521,472,472,2194
1733096951027,2193,HTTP,200,OK,Thread Group 1-121,text,true,521,471,471,2193
1733096951163,2080,HTTP,200,OK,Thread Group 1-157,text,true,549,470,470,2080
1733096951030,2213,HTTP,200,OK,Thread Group 1-72,text,true,549,469,469,2213
1733096951065,2184,HTTP,200,OK,Thread Group 1-128,text,true,549,468,468,2184
1733096951130,2120,HTTP,200,OK,Thread Group 1-150,text,true,549,467,467,2120
1733096951038,2212,HTTP,200,OK,Thread Group 1-124,text,true,549,466,466,2212
1733096951145,2106,HTTP,200,OK,Thread Group 1-154,text,true,549,466,466,2106
1733096951037,2214,HTTP,200,OK,Thread Group 1-23,text,true,549,464,464,2214
1733096951033,2218,HTTP,200,OK,Thread Group 1-32,text,true,549,463,463,2218
1733096951141,2112,HTTP,200,OK,Thread Group 1-153,text,true,549,462,462,2112
1733096951038,2218,HTTP,200,OK,Thread Group 1-68,text,true,549,461,461,2218
1733096951022,2245,HTTP,200,OK,Thread Group 1-27,text,true,521,460,460,2245
1733096951312,1974,HTTP,200,OK,Thread Group 1-193,text,true,521,459,459,1973
1733096951124,2166,HTTP,200,OK,Thread Group 1-148,text,true,549,458,458,2166
1733096951039,2263,HTTP,200,OK,Thread Group 1-28,text,true,549,457,457,2263
1733096951327,1976,HTTP,200,OK,Thread Group 1-197,text,true,549,456,456,1976
1733096951361,1943,HTTP,200,OK,Thread Group 1-207,text,true,507,455,455,1943
1733096951037,2280,HTTP,200,OK,Thread Group 1-97,text,true,549,454,454,2280
1733096951401,1921,HTTP,200,OK,Thread Group 1-214,text,true,549,453,453,1921
1733096951168,2155,HTTP,200,OK,Thread Group 1-158,text,true,507,453,453,2155
1733096951465,1861,HTTP,200,OK,Thread Group 1-236,text,true,507,451,451,1861
1733096951179,2150,HTTP,200,OK,Thread Group 1-161,text,true,535,450,450,2150
1733096951218,2112,HTTP,200,OK,Thread Group 1-171,text,true,535,449,449,2112
1733096951036,2293,HTTP,200,OK,Thread Group 1-17,text,true,507,449,449,2293
1733096951082,2252,HTTP,200,OK,Thread Group 1-136,text,true,535,447,447,2252
1733096951038,2296,HTTP,200,OK,Thread Group 1-25,text,true,521,446,446,2296
1733096951339,1997,HTTP,200,OK,Thread Group 1-201,text,true,507,445,445,1997
1733096951036,2300,HTTP,200,OK,Thread Group 1-64,text,true,507,444,444,2300
1733096951066,2272,HTTP,200,OK,Thread Group 1-132,text,true,521,443,443,2272
1733096951034,2305,HTTP,200,OK,Thread Group 1-9,text,true,521,442,442,2305
1733096951127,2213,HTTP,200,OK,Thread Group 1-149,text,true,507,441,441,2213
1733096951037,2303,HTTP,200,OK,Thread Group 1-21,text,true,507,440,440,2303
1733096951336,2005,HTTP,200,OK,Thread Group 1-200,text,true,507,440,440,2005
1733096951368,1974,HTTP,200,OK,Thread Group 1-209,text,true,507,438,438,1974
1733096951037,2306,HTTP,200,OK,Thread Group 1-20,text,true,507,437,437,2306
1733096951192,2162,HTTP,200,OK,Thread Group 1-165,text,true,535,436,436,2161
1733096951023,2332,HTTP,200,OK,Thread Group 1-81,text,true,549,435,435,2332
1733096951032,2344,HTTP,200,OK,Thread Group 1-123,text,true,549,434,434,2344
1733096951102,2275,HTTP,200,OK,Thread Group 1-142,text,true,535,433,433,2275
1733096951036,2343,HTTP,200,OK,Thread Group 1-18,text,true,521,432,432,2343
1733096951062,2319,HTTP,200,OK,Thread Group 1-130,text,true,521,431,431,2319
1733096951509,1879,HTTP,200,OK,Thread Group 1-249,text,true,521,430,430,1879
1733096951028,2365,HTTP,200,OK,Thread Group 1-103,text,true,549,429,429,2365
1733096951024,2372,HTTP,200,OK,Thread Group 1-52,text,true,521,428,428,2372
1733096951288,2135,HTTP,200,OK,Thread Group 1-188,text,true,535,427,427,2135
1733096951222,2203,HTTP,200,OK,Thread Group 1-172,text,true,535,426,426,2203
1733096951428,1998,HTTP,200,OK,Thread Group 1-226,text,true,521,425,425,1998
1733096951274,2156,HTTP,200,OK,Thread Group 1-185,text,true,521,424,424,2156
1733096951285,2145,HTTP,200,OK,Thread Group 1-187,text,true,521,424,424,2145
1733096951203,2227,HTTP,200,OK,Thread Group 1-168,text,true,507,423,423,2227
1733096951397,2035,HTTP,200,OK,Thread Group 1-217,text,true,521,421,421,2035
1733096951292,2140,HTTP,200,OK,Thread Group 1-189,text,true,521,421,421,2140
1733096951227,2207,HTTP,200,OK,Thread Group 1-173,text,true,521,419,419,2207
1733096951030,2404,HTTP,200,OK,Thread Group 1-119,text,true,535,418,418,2404
1733096951303,2133,HTTP,200,OK,Thread Group 1-191,text,true,521,417,417,2133
1733096951189,2261,HTTP,200,OK,Thread Group 1-164,text,true,535,416,416,2261
1733096951257,2218,HTTP,200,OK,Thread Group 1-181,text,true,521,415,415,2218
1733096951098,2380,HTTP,200,OK,Thread Group 1-141,text,true,549,414,414,2380
1733096951256,2223,HTTP,200,OK,Thread Group 1-179,text,true,535,413,413,2223
1733096951182,2297,HTTP,200,OK,Thread Group 1-162,text,true,549,413,413,2297
1733096951026,2456,HTTP,200,OK,Thread Group 1-48,text,true,521,411,411,2456
1733096951241,2256,HTTP,200,OK,Thread Group 1-177,text,true,549,410,410,2256
1733096951449,2053,HTTP,200,OK,Thread Group 1-232,text,true,507,409,409,2053
1733096951445,2060,HTTP,200,OK,Thread Group 1-231,text,true,507,408,408,2060
1733096951036,2485,HTTP,200,OK,Thread Group 1-15,text,true,549,407,407,2485
1733096951064,2457,HTTP,200,OK,Thread Group 1-36,text,true,521,407,407,2457
1733096951033,2489,HTTP,200,OK,Thread Group 1-33,text,true,549,406,406,2489
1733096951438,2155,HTTP,200,OK,Thread Group 1-229,text,true,521,404,404,2155
1733096951087,2507,HTTP,200,OK,Thread Group 1-137,text,true,521,403,403,2507
1733096951329,2266,HTTP,200,OK,Thread Group 1-198,text,true,521,403,403,2266
1733096951608,1987,HTTP,200,OK,Thread Group 1-277,text,true,507,403,403,1987
1733096951350,2249,HTTP,200,OK,Thread Group 1-204,text,true,535,400,400,2249
1733096951400,2200,HTTP,200,OK,Thread Group 1-216,text,true,535,399,399,2200
1733096951034,2585,HTTP,200,OK,Thread Group 1-90,text,true,549,398,398,2585
1733096951347,2280,HTTP,200,OK,Thread Group 1-203,text,true,549,397,397,2280
1733096951030,2597,HTTP,200,OK,Thread Group 1-62,text,true,521,396,396,2597
1733096951401,2228,HTTP,200,OK,Thread Group 1-213,text,true,521,395,395,2228
1733096951357,2275,HTTP,200,OK,Thread Group 1-206,text,true,507,394,394,2275
1733096951325,2428,HTTP,200,OK,Thread Group 1-196,text,true,535,393,393,2428
1733096951481,2272,HTTP,200,OK,Thread Group 1-241,text,true,549,393,393,2272
1733096951902,1854,HTTP,200,OK,Thread Group 1-360,text,true,507,391,391,1854
1733096951495,2263,HTTP,200,OK,Thread Group 1-245,text,true,535,390,390,2263
1733096951064,2695,HTTP,200,OK,Thread Group 1-102,text,true,535,389,389,2695
1733096951477,2286,HTTP,200,OK,Thread Group 1-240,text,true,535,388,388,2286
1733096951399,2365,HTTP,200,OK,Thread Group 1-218,text,true,521,387,387,2365
1733096951297,2493,HTTP,200,OK,Thread Group 1-190,text,true,535,386,386,2493
1733096951471,2321,HTTP,200,OK,Thread Group 1-238,text,true,549,386,386,2321
1733096951196,2594,HTTP,200,OK,Thread Group 1-166,text,true,535,386,386,2594
1733096951200,2590,HTTP,200,OK,Thread Group 1-167,text,true,521,386,386,2590
1733096951064,2731,HTTP,200,OK,Thread Group 1-112,text,true,549,382,382,2731
1733096951407,2392,HTTP,200,OK,Thread Group 1-220,text,true,521,381,381,2392
1733096951246,2554,HTTP,200,OK,Thread Group 1-178,text,true,521,380,380,2554
1733096951230,2570,HTTP,200,OK,Thread Group 1-174,text,true,535,379,379,2570
1733096951239,2561,HTTP,200,OK,Thread Group 1-176,text,true,521,378,378,2561
1733096951545,2256,HTTP,200,OK,Thread Group 1-259,text,true,521,377,377,2256
1733096951033,2771,HTTP,200,OK,Thread Group 1-86,text,true,549,376,376,2771
1733096951492,2350,HTTP,200,OK,Thread Group 1-244,text,true,521,375,375,2350
1733096951417,2439,HTTP,200,OK,Thread Group 1-223,text,true,521,374,374,2439
1733096951270,2590,HTTP,200,OK,Thread Group 1-184,text,true,507,373,373,2590
1733096951431,2472,HTTP,200,OK,Thread Group 1-227,text,true,549,372,372,2472
1733096951424,2488,HTTP,200,OK,Thread Group 1-225,text,true,521,371,371,2488
1733096951784,2183,HTTP,200,OK,Thread Group 1-327,text,true,507,370,370,2183
1733096951541,2439,HTTP,200,OK,Thread Group 1-258,text,true,535,369,369,2439
1733096951435,2568,HTTP,200,OK,Thread Group 1-228,text,true,521,368,368,2568
1733096951803,2208,HTTP,200,OK,Thread Group 1-332,text,true,507,367,367,2208
1733096951452,2571,HTTP,200,OK,Thread Group 1-233,text,true,521,366,366,2571
1733096951611,2425,HTTP,200,OK,Thread Group 1-278,text,true,507,365,365,2425
1733096951788,2249,HTTP,200,OK,Thread Group 1-328,text,true,521,364,364,2249
1733096951400,2660,HTTP,200,OK,Thread Group 1-215,text,true,549,363,363,2660
1733096951831,2230,HTTP,200,OK,Thread Group 1-340,text,true,535,362,362,2230
1733096951365,2698,HTTP,200,OK,Thread Group 1-208,text,true,507,361,361,2698
1733096951460,2603,HTTP,200,OK,Thread Group 1-235,text,true,507,361,361,2603
1733096951413,2673,HTTP,200,OK,Thread Group 1-222,text,true,549,359,359,2673
1733096951636,2491,HTTP,200,OK,Thread Group 1-285,text,true,535,358,358,2491
1733096951334,2805,HTTP,200,OK,Thread Group 1-199,text,true,535,357,357,2805
1733096951354,2790,HTTP,200,OK,Thread Group 1-205,text,true,549,356,356,2790
1733096951537,2608,HTTP,200,OK,Thread Group 1-257,text,true,507,355,355,2608
1733096951590,2556,HTTP,200,OK,Thread Group 1-272,text,true,549,354,354,2556
1733096951344,2802,HTTP,200,OK,Thread Group 1-202,text,true,549,354,354,2802
1733096951524,2623,HTTP,200,OK,Thread Group 1-253,text,true,507,352,352,2623
1733096951487,2662,HTTP,200,OK,Thread Group 1-243,text,true,507,351,351,2662
1733096951485,2665,HTTP,200,OK,Thread Group 1-242,text,true,507,350,350,2665
1733096951654,2502,HTTP,200,OK,Thread Group 1-290,text,true,521,349,349,2502
1733096951442,2732,HTTP,200,OK,Thread Group 1-230,text,true,535,348,348,2732
1733096951474,2700,HTTP,200,OK,Thread Group 1-239,text,true,521,348,348,2700
1733096951513,2702,HTTP,200,OK,Thread Group 1-250,text,true,521,346,346,2702
1733096951516,2710,HTTP,200,OK,Thread Group 1-251,text,true,507,345,345,2710
1733096951941,2304,HTTP,200,OK,Thread Group 1-371,text,true,507,344,344,2304
1733096951576,2679,HTTP,200,OK,Thread Group 1-268,text,true,549,343,343,2679
1733096951421,2841,HTTP,200,OK,Thread Group 1-224,text,true,535,342,342,2841
1733096951770,2526,HTTP,200,OK,Thread Group 1-323,text,true,507,341,341,2526
1733096951549,2767,HTTP,200,OK,Thread Group 1-260,text,true,521,340,340,2767
1733096951756,2574,HTTP,200,OK,Thread Group 1-319,text,true,507,339,339,2574
1733096951407,2924,HTTP,200,OK,Thread Group 1-219,text,true,521,338,338,2924
1733096951410,2932,HTTP,200,OK,Thread Group 1-221,text,true,549,337,337,2932
1733096951319,3024,HTTP,200,OK,Thread Group 1-195,text,true,535,337,337,3024
1733096951573,2779,HTTP,200,OK,Thread Group 1-267,text,true,521,335,335,2779
1733096951597,2756,HTTP,200,OK,Thread Group 1-274,text,true,535,334,334,2756
1733096951604,2762,HTTP,200,OK,Thread Group 1-276,text,true,521,333,333,2762
1733096951558,2810,HTTP,200,OK,Thread Group 1-263,text,true,549,332,332,2810
1733096952029,2344,HTTP,200,OK,Thread Group 1-396,text,true,507,331,331,2344
1733096951863,2515,HTTP,200,OK,Thread Group 1-349,text,true,535,330,330,2515
1733096951630,2753,HTTP,200,OK,Thread Group 1-283,text,true,507,329,329,2753
1733096951456,2928,HTTP,200,OK,Thread Group 1-234,text,true,549,328,328,2928
1733096951736,2691,HTTP,200,OK,Thread Group 1-313,text,true,549,327,327,2691
1733096951657,2771,HTTP,200,OK,Thread Group 1-291,text,true,521,326,326,2771
1733096951672,2757,HTTP,200,OK,Thread Group 1-295,text,true,521,325,325,2757
1733096952019,2412,HTTP,200,OK,Thread Group 1-393,text,true,549,324,324,2412
1733096951708,2737,HTTP,200,OK,Thread Group 1-305,text,true,507,323,323,2737
1733096951897,2560,HTTP,200,OK,Thread Group 1-359,text,true,521,322,322,2560
1733096951633,2825,HTTP,200,OK,Thread Group 1-284,text,true,507,321,321,2825
1733096951527,2943,HTTP,200,OK,Thread Group 1-254,text,true,535,320,320,2943
1733096951467,3050,HTTP,200,OK,Thread Group 1-237,text,true,507,319,319,3050
1733096951625,2894,HTTP,200,OK,Thread Group 1-282,text,true,521,318,318,2894
1733096951502,3021,HTTP,200,OK,Thread Group 1-247,text,true,535,317,317,3021
1733096951498,3026,HTTP,200,OK,Thread Group 1-246,text,true,507,316,316,3026
1733096951909,2615,HTTP,200,OK,Thread Group 1-362,text,true,521,315,315,2615
1733096951551,3000,HTTP,200,OK,Thread Group 1-261,text,true,549,314,314,3000
1733096951535,3020,HTTP,200,OK,Thread Group 1-256,text,true,535,313,313,3019
1733096951696,2896,HTTP,200,OK,Thread Group 1-302,text,true,521,312,312,2896
1733096951689,2906,HTTP,200,OK,Thread Group 1-300,text,true,507,311,311,2906
1733096951710,2887,HTTP,200,OK,Thread Group 1-306,text,true,535,310,310,2887
1733096951725,2878,HTTP,200,OK,Thread Group 1-310,text,true,521,309,309,2878
1733096951730,2876,HTTP,200,OK,Thread Group 1-312,text,true,535,308,308,2876
1733096951686,2921,HTTP,200,OK,Thread Group 1-299,text,true,521,307,307,2921
1733096951640,2968,HTTP,200,OK,Thread Group 1-286,text,true,535,306,306,2968
1733096951700,2913,HTTP,200,OK,Thread Group 1-303,text,true,549,305,305,2913
1733096951891,2731,HTTP,200,OK,Thread Group 1-357,text,true,507,304,304,2731
1733096951938,2685,HTTP,200,OK,Thread Group 1-370,text,true,521,303,303,2685
1733096951721,2903,HTTP,200,OK,Thread Group 1-309,text,true,549,302,302,2903
1733096951980,2645,HTTP,200,OK,Thread Group 1-382,text,true,549,301,301,2645
1733096951556,3070,HTTP,200,OK,Thread Group 1-262,text,true,507,300,300,3070
1733096951562,3068,HTTP,200,OK,Thread Group 1-264,text,true,521,299,299,3068
1733096951795,2852,HTTP,200,OK,Thread Group 1-330,text,true,507,298,298,2852
1733096951792,2857,HTTP,200,OK,Thread Group 1-329,text,true,521,297,297,2857
1733096951569,3082,HTTP,200,OK,Thread Group 1-266,text,true,535,296,296,3082
1733096951812,2858,HTTP,200,OK,Thread Group 1-335,text,true,507,295,295,2858
1733096951838,2847,HTTP,200,OK,Thread Group 1-342,text,true,549,294,294,2847
1733096951805,2880,HTTP,200,OK,Thread Group 1-333,text,true,535,294,294,2880
1733096951865,2846,HTTP,200,OK,Thread Group 1-350,text,true,521,292,292,2846
1733096951870,2883,HTTP,200,OK,Thread Group 1-351,text,true,535,291,291,2883
1733096951852,2936,HTTP,200,OK,Thread Group 1-346,text,true,521,290,290,2936
1733096952069,2729,HTTP,200,OK,Thread Group 1-400,text,true,507,289,289,2729
1733096951643,3158,HTTP,200,OK,Thread Group 1-287,text,true,507,288,288,3158
1733096951579,3223,HTTP,200,OK,Thread Group 1-269,text,true,549,287,287,3223
1733096951920,2882,HTTP,200,OK,Thread Group 1-365,text,true,507,287,287,2882
1733096951661,3142,HTTP,200,OK,Thread Group 1-292,text,true,507,286,286,3142
1733096951923,2881,HTTP,200,OK,Thread Group 1-366,text,true,535,285,285,2881
1733096951888,2966,HTTP,200,OK,Thread Group 1-356,text,true,507,283,283,2966
1733096951880,2976,HTTP,200,OK,Thread Group 1-354,text,true,507,282,282,2976
1733096951647,3210,HTTP,200,OK,Thread Group 1-288,text,true,507,281,281,3210
1733096951506,3385,HTTP,200,OK,Thread Group 1-248,text,true,521,280,280,3385
1733096951651,3243,HTTP,200,OK,Thread Group 1-289,text,true,521,279,279,3243
1733096951668,3264,HTTP,200,OK,Thread Group 1-294,text,true,507,278,278,3264
1733096951675,3258,HTTP,200,OK,Thread Group 1-296,text,true,535,277,277,3258
1733096951704,3231,HTTP,200,OK,Thread Group 1-304,text,true,521,276,276,3231
1733096951906,3029,HTTP,200,OK,Thread Group 1-361,text,true,535,275,275,3029
1733096951530,3406,HTTP,200,OK,Thread Group 1-255,text,true,535,274,274,3406
1733096952008,2952,HTTP,200,OK,Thread Group 1-390,text,true,549,273,273,2952
1733096951767,3216,HTTP,200,OK,Thread Group 1-322,text,true,521,272,272,3216
1733096951746,3238,HTTP,200,OK,Thread Group 1-316,text,true,521,271,271,3238
1733096951982,3002,HTTP,200,OK,Thread Group 1-383,text,true,535,271,271,3002
1733096951519,3466,HTTP,200,OK,Thread Group 1-252,text,true,535,269,269,3466
1733096951997,2988,HTTP,200,OK,Thread Group 1-387,text,true,535,269,269,2988
1733096951781,3206,HTTP,200,OK,Thread Group 1-326,text,true,521,267,267,3206
1733096951587,3402,HTTP,200,OK,Thread Group 1-271,text,true,535,266,266,3402
1733096951778,3212,HTTP,200,OK,Thread Group 1-325,text,true,535,265,265,3212
1733096951583,3408,HTTP,200,OK,Thread Group 1-270,text,true,521,264,264,3408
1733096951566,3426,HTTP,200,OK,Thread Group 1-265,text,true,535,263,263,3426
1733096951594,3401,HTTP,200,OK,Thread Group 1-273,text,true,535,262,262,3401
1733096951799,3197,HTTP,200,OK,Thread Group 1-331,text,true,521,261,261,3197
1733096952001,3031,HTTP,200,OK,Thread Group 1-388,text,true,507,260,260,3031
1733096952015,3032,HTTP,200,OK,Thread Group 1-392,text,true,521,259,259,3032
1733096951678,3372,HTTP,200,OK,Thread Group 1-297,text,true,549,258,258,3372
1733096951991,3064,HTTP,200,OK,Thread Group 1-385,text,true,535,257,257,3064
1733096952023,3036,HTTP,200,OK,Thread Group 1-394,text,true,549,256,256,3036
1733096951601,3459,HTTP,200,OK,Thread Group 1-275,text,true,521,255,255,3459
1733096951811,3270,HTTP,200,OK,Thread Group 1-334,text,true,507,254,254,3270
1733096951877,3209,HTTP,200,OK,Thread Group 1-353,text,true,507,253,253,3209
1733096951615,3479,HTTP,200,OK,Thread Group 1-279,text,true,521,252,252,3479
1733096951912,3183,HTTP,200,OK,Thread Group 1-363,text,true,507,251,251,3183
1733096951848,3248,HTTP,200,OK,Thread Group 1-345,text,true,507,250,250,3248
1733096951619,3482,HTTP,200,OK,Thread Group 1-280,text,true,507,249,249,3482
1733096951820,3284,HTTP,200,OK,Thread Group 1-337,text,true,521,248,248,3284
1733096952072,3032,HTTP,200,OK,Thread Group 1-408,text,true,535,248,248,3032
1733096952079,3026,HTTP,200,OK,Thread Group 1-410,text,true,507,246,246,3026
1733096951827,3280,HTTP,200,OK,Thread Group 1-339,text,true,535,245,245,3280
1733096951874,3268,HTTP,200,OK,Thread Group 1-352,text,true,535,244,244,3268
1733096951885,3303,HTTP,200,OK,Thread Group 1-355,text,true,521,243,243,3303
1733096951856,3332,HTTP,200,OK,Thread Group 1-347,text,true,521,243,243,3332
1733096952082,3107,HTTP,200,OK,Thread Group 1-411,text,true,521,242,242,3107
1733096952210,2980,HTTP,200,OK,Thread Group 1-447,text,true,507,240,240,2980
1733096951895,3352,HTTP,200,OK,Thread Group 1-358,text,true,507,239,239,3352
1733096952077,3183,HTTP,200,OK,Thread Group 1-409,text,true,535,238,238,3183
1733096951717,3585,HTTP,200,OK,Thread Group 1-308,text,true,521,237,237,3585
1733096952186,3117,HTTP,200,OK,Thread Group 1-440,text,true,549,236,236,3117
1733096951664,3680,HTTP,200,OK,Thread Group 1-293,text,true,535,235,235,3680
1733096952086,3258,HTTP,200,OK,Thread Group 1-412,text,true,535,235,235,3258
1733096951683,3663,HTTP,200,OK,Thread Group 1-298,text,true,535,233,233,3663
1733096951944,3403,HTTP,200,OK,Thread Group 1-372,text,true,549,232,232,3403
1733096951973,3385,HTTP,200,OK,Thread Group 1-380,text,true,521,231,231,3385
1733096951728,3678,HTTP,200,OK,Thread Group 1-311,text,true,535,230,230,3678
1733096951752,3662,HTTP,200,OK,Thread Group 1-318,text,true,507,229,229,3662
1733096951958,3457,HTTP,200,OK,Thread Group 1-376,text,true,521,228,228,3457
1733096951764,3656,HTTP,200,OK,Thread Group 1-321,text,true,507,227,227,3656
1733096951978,3464,HTTP,200,OK,Thread Group 1-381,text,true,507,226,226,3464
1733096951773,3672,HTTP,200,OK,Thread Group 1-324,text,true,521,225,225,3672
1733096952145,3302,HTTP,200,OK,Thread Group 1-429,text,true,507,224,224,3302
1733096951845,3610,HTTP,200,OK,Thread Group 1-344,text,true,535,223,223,3610
1733096951994,3525,HTTP,200,OK,Thread Group 1-386,text,true,507,222,222,3525
1733096951738,3783,HTTP,200,OK,Thread Group 1-314,text,true,521,221,221,3783
1733096951965,3557,HTTP,200,OK,Thread Group 1-378,text,true,507,220,220,3557
1733096951742,3782,HTTP,200,OK,Thread Group 1-315,text,true,521,219,219,3782
1733096952154,3371,HTTP,200,OK,Thread Group 1-431,text,true,507,218,218,3371
1733096951962,3566,HTTP,200,OK,Thread Group 1-377,text,true,507,217,217,3566
1733096951759,3770,HTTP,200,OK,Thread Group 1-320,text,true,521,217,217,3770
1733096952004,3524,HTTP,200,OK,Thread Group 1-389,text,true,507,217,217,3524
1733096952026,3534,HTTP,200,OK,Thread Group 1-395,text,true,507,214,214,3533
1733096951816,3745,HTTP,200,OK,Thread Group 1-336,text,true,521,213,213,3745
1733096952070,3509,HTTP,200,OK,Thread Group 1-402,text,true,507,212,212,3509
1733096952178,3403,HTTP,200,OK,Thread Group 1-438,text,true,521,211,211,3403
1733096952250,3332,HTTP,200,OK,Thread Group 1-458,text,true,507,210,210,3332
1733096951842,3745,HTTP,200,OK,Thread Group 1-343,text,true,507,209,209,3745
1733096952132,3458,HTTP,200,OK,Thread Group 1-425,text,true,521,208,208,3458
1733096952274,3317,HTTP,200,OK,Thread Group 1-465,text,true,507,207,207,3317
1733096952193,3398,HTTP,200,OK,Thread Group 1-442,text,true,535,207,207,3398
1733096951623,3969,HTTP,200,OK,Thread Group 1-281,text,true,507,205,205,3969
1733096951693,3899,HTTP,200,OK,Thread Group 1-301,text,true,535,205,205,3899
1733096952175,3418,HTTP,200,OK,Thread Group 1-437,text,true,521,203,203,3418
1733096951916,3699,HTTP,200,OK,Thread Group 1-364,text,true,507,202,202,3699
1733096952070,3545,HTTP,200,OK,Thread Group 1-403,text,true,521,202,202,3545
1733096952417,3205,HTTP,200,OK,Thread Group 1-505,text,true,507,200,200,3205
1733096952442,3264,HTTP,200,OK,Thread Group 1-512,text,true,507,199,199,3264
1733096952143,3564,HTTP,200,OK,Thread Group 1-428,text,true,549,198,198,3564
1733096952067,3640,HTTP,200,OK,Thread Group 1-406,text,true,535,198,198,3640
1733096951933,3775,HTTP,200,OK,Thread Group 1-369,text,true,507,196,196,3775
1733096951950,3759,HTTP,200,OK,Thread Group 1-374,text,true,535,195,195,3758
1733096952172,3537,HTTP,200,OK,Thread Group 1-436,text,true,549,194,194,3537
1733096952204,3506,HTTP,200,OK,Thread Group 1-445,text,true,507,193,193,3506
1733096951930,3782,HTTP,200,OK,Thread Group 1-368,text,true,521,192,192,3782
1733096952090,3622,HTTP,200,OK,Thread Group 1-413,text,true,521,192,192,3622
1733096951859,3860,HTTP,200,OK,Thread Group 1-348,text,true,549,190,190,3860
1733096952101,3618,HTTP,200,OK,Thread Group 1-416,text,true,521,190,190,3618
1733096952067,3653,HTTP,200,OK,Thread Group 1-397,text,true,535,188,188,3653
1733096952121,3599,HTTP,200,OK,Thread Group 1-422,text,true,535,188,188,3599
1733096952332,3389,HTTP,200,OK,Thread Group 1-481,text,true,507,186,186,3389
1733096952370,3403,HTTP,200,OK,Thread Group 1-492,text,true,507,185,185,3403
1733096952356,3419,HTTP,200,OK,Thread Group 1-488,text,true,549,184,184,3419
1733096952124,3653,HTTP,200,OK,Thread Group 1-423,text,true,535,183,183,3653
1733096952207,3571,HTTP,200,OK,Thread Group 1-446,text,true,549,182,182,3571
1733096952110,3668,HTTP,200,OK,Thread Group 1-419,text,true,535,182,182,3668
1733096952196,3594,HTTP,200,OK,Thread Group 1-443,text,true,521,180,180,3594
1733096951749,4043,HTTP,200,OK,Thread Group 1-317,text,true,549,179,179,4043
1733096952181,3621,HTTP,200,OK,Thread Group 1-439,text,true,549,178,178,3621
1733096952130,3736,HTTP,200,OK,Thread Group 1-424,text,true,521,177,177,3736
1733096951824,4043,HTTP,200,OK,Thread Group 1-338,text,true,521,176,176,4043
1733096952257,3611,HTTP,200,OK,Thread Group 1-460,text,true,521,175,175,3611
1733096952281,3588,HTTP,200,OK,Thread Group 1-467,text,true,521,174,174,3588
1733096952268,3619,HTTP,200,OK,Thread Group 1-463,text,true,507,173,173,3619
1733096952189,3699,HTTP,200,OK,Thread Group 1-441,text,true,521,172,172,3699
1733096952426,3465,HTTP,200,OK,Thread Group 1-508,text,true,535,171,171,3465
1733096952067,3824,HTTP,200,OK,Thread Group 1-398,text,true,507,171,171,3824
1733096951949,3943,HTTP,200,OK,Thread Group 1-373,text,true,521,169,169,3943
1733096951970,3923,HTTP,200,OK,Thread Group 1-379,text,true,549,168,168,3923
1733096952071,3830,HTTP,200,OK,Thread Group 1-404,text,true,549,167,167,3830
1733096952537,3390,HTTP,200,OK,Thread Group 1-539,text,true,535,166,166,3390
1733096951834,4139,HTTP,200,OK,Thread Group 1-341,text,true,535,165,165,4139
1733096952221,3760,HTTP,200,OK,Thread Group 1-450,text,true,549,164,164,3760
1733096952225,3758,HTTP,200,OK,Thread Group 1-451,text,true,549,163,163,3758
1733096952324,3660,HTTP,200,OK,Thread Group 1-479,text,true,549,162,162,3660
1733096952353,3632,HTTP,200,OK,Thread Group 1-487,text,true,549,161,161,3632
1733096952071,3915,HTTP,200,OK,Thread Group 1-405,text,true,549,160,160,3915
1733096952343,3646,HTTP,200,OK,Thread Group 1-484,text,true,535,159,159,3646
1733096952104,3900,HTTP,200,OK,Thread Group 1-417,text,true,549,158,158,3900
1733096952140,3865,HTTP,200,OK,Thread Group 1-427,text,true,507,157,157,3865
1733096952242,3796,HTTP,200,OK,Thread Group 1-456,text,true,507,156,156,3796
1733096952335,3705,HTTP,200,OK,Thread Group 1-482,text,true,521,155,155,3705
1733096952114,3944,HTTP,200,OK,Thread Group 1-420,text,true,507,154,154,3944
1733096952168,3891,HTTP,200,OK,Thread Group 1-435,text,true,507,153,153,3891
1733096952231,3828,HTTP,200,OK,Thread Group 1-453,text,true,535,152,152,3828
1733096952348,3711,HTTP,200,OK,Thread Group 1-486,text,true,507,152,152,3711
1733096951714,4347,HTTP,200,OK,Thread Group 1-307,text,true,521,150,150,4347
1733096952327,3734,HTTP,200,OK,Thread Group 1-480,text,true,549,149,149,3734
1733096952235,3828,HTTP,200,OK,Thread Group 1-454,text,true,549,148,148,3828
1733096951987,4077,HTTP,200,OK,Thread Group 1-384,text,true,549,147,147,4077
1733096951954,4110,HTTP,200,OK,Thread Group 1-375,text,true,549,147,147,4110
1733096952107,3965,HTTP,200,OK,Thread Group 1-418,text,true,549,145,145,3965
1733096952665,3416,HTTP,200,OK,Thread Group 1-575,text,true,507,144,144,3416
1733096952374,3710,HTTP,200,OK,Thread Group 1-493,text,true,549,143,143,3710
1733096952239,3853,HTTP,200,OK,Thread Group 1-455,text,true,549,142,142,3853
1733096952164,3928,HTTP,200,OK,Thread Group 1-434,text,true,521,142,142,3928
1733096952420,3704,HTTP,200,OK,Thread Group 1-506,text,true,507,140,140,3704
1733096952640,3507,HTTP,200,OK,Thread Group 1-568,text,true,507,139,139,3507
1733096952246,3908,HTTP,200,OK,Thread Group 1-457,text,true,521,138,138,3908
1733096952097,4059,HTTP,200,OK,Thread Group 1-415,text,true,549,137,137,4059
1733096952012,4147,HTTP,200,OK,Thread Group 1-391,text,true,549,136,136,4147
1733096952068,4093,HTTP,200,OK,Thread Group 1-399,text,true,535,135,135,4093
1733096952068,4094,HTTP,200,OK,Thread Group 1-407,text,true,535,134,134,4094
1733096952377,3866,HTTP,200,OK,Thread Group 1-494,text,true,521,133,133,3866
1733096952278,3965,HTTP,200,OK,Thread Group 1-466,text,true,521,133,133,3965
1733096952562,3682,HTTP,200,OK,Thread Group 1-546,text,true,507,132,132,3682
1733096952150,4095,HTTP,200,OK,Thread Group 1-430,text,true,549,131,131,4095
1733096952309,3936,HTTP,200,OK,Thread Group 1-475,text,true,507,130,130,3936
1733096952300,3981,HTTP,200,OK,Thread Group 1-472,text,true,535,128,128,3981
1733096952285,3999,HTTP,200,OK,Thread Group 1-468,text,true,549,127,127,3999
1733096952295,3990,HTTP,200,OK,Thread Group 1-471,text,true,535,126,126,3990
1733096952157,4133,HTTP,200,OK,Thread Group 1-432,text,true,549,125,125,4133
1733096952271,4021,HTTP,200,OK,Thread Group 1-464,text,true,549,124,124,4021
1733096952200,4094,HTTP,200,OK,Thread Group 1-444,text,true,521,123,123,4094
1733096952218,4076,HTTP,200,OK,Thread Group 1-449,text,true,521,123,123,4076
1733096952093,4202,HTTP,200,OK,Thread Group 1-414,text,true,535,121,121,4202
1733096952317,3978,HTTP,200,OK,Thread Group 1-477,text,true,549,121,121,3978
1733096952345,3953,HTTP,200,OK,Thread Group 1-485,text,true,549,119,119,3953
1733096952118,4181,HTTP,200,OK,Thread Group 1-421,text,true,535,118,118,4181
1733096952473,3826,HTTP,200,OK,Thread Group 1-521,text,true,535,118,118,3826
1733096952260,4062,HTTP,200,OK,Thread Group 1-461,text,true,549,116,116,4062
1733096952306,4016,HTTP,200,OK,Thread Group 1-474,text,true,535,116,116,4016
1733096952471,3853,HTTP,200,OK,Thread Group 1-516,text,true,549,114,114,3853
1733096952069,4256,HTTP,200,OK,Thread Group 1-401,text,true,521,113,113,4256
1733096951927,4399,HTTP,200,OK,Thread Group 1-367,text,true,549,113,113,4399
1733096952338,3988,HTTP,200,OK,Thread Group 1-483,text,true,549,112,112,3988
1733096952321,4005,HTTP,200,OK,Thread Group 1-478,text,true,507,111,111,4005
1733096952384,3944,HTTP,200,OK,Thread Group 1-496,text,true,521,109,109,3943
1733096952483,3845,HTTP,200,OK,Thread Group 1-524,text,true,549,108,108,3845
1733096952516,3815,HTTP,200,OK,Thread Group 1-533,text,true,521,107,107,3815
1733096952513,3824,HTTP,200,OK,Thread Group 1-532,text,true,521,106,106,3824
1733096952540,3807,HTTP,200,OK,Thread Group 1-540,text,true,521,105,105,3807
1733096952412,3935,HTTP,200,OK,Thread Group 1-504,text,true,507,104,104,3935
1733096952654,3695,HTTP,200,OK,Thread Group 1-572,text,true,507,103,103,3695
1733096952135,4214,HTTP,200,OK,Thread Group 1-426,text,true,507,102,102,4214
1733096952263,4087,HTTP,200,OK,Thread Group 1-462,text,true,521,101,101,4087
1733096952704,3647,HTTP,200,OK,Thread Group 1-586,text,true,535,100,100,3647
1733096952391,4001,HTTP,200,OK,Thread Group 1-498,text,true,521,99,99,4001
1733096952388,4010,HTTP,200,OK,Thread Group 1-497,text,true,535,98,98,4010
1733096952586,3812,HTTP,200,OK,Thread Group 1-553,text,true,535,98,98,3812
1733096952608,3791,HTTP,200,OK,Thread Group 1-559,text,true,507,96,96,3791
1733096952700,3699,HTTP,200,OK,Thread Group 1-585,text,true,535,96,96,3699
1733096952424,3976,HTTP,200,OK,Thread Group 1-507,text,true,549,94,94,3976
1733096952367,4033,HTTP,200,OK,Thread Group 1-491,text,true,549,94,94,4033
1733096952289,4112,HTTP,200,OK,Thread Group 1-469,text,true,521,92,92,4112
1733096952508,3893,HTTP,200,OK,Thread Group 1-531,text,true,535,92,92,3893
1733096952555,3852,HTTP,200,OK,Thread Group 1-544,text,true,521,90,90,3852
1733096952725,3687,HTTP,200,OK,Thread Group 1-592,text,true,507,89,89,3686
1733096952721,3694,HTTP,200,OK,Thread Group 1-591,text,true,521,88,88,3694
1733096952486,3955,HTTP,200,OK,Thread Group 1-525,text,true,507,87,87,3955
1733096952662,3780,HTTP,200,OK,Thread Group 1-574,text,true,507,86,86,3780
1733096952736,3707,HTTP,200,OK,Thread Group 1-595,text,true,507,85,85,3706
1733096952651,3792,HTTP,200,OK,Thread Group 1-571,text,true,507,84,84,3792
1733096952547,3896,HTTP,200,OK,Thread Group 1-542,text,true,507,83,83,3896
1733096952598,3847,HTTP,200,OK,Thread Group 1-556,text,true,535,82,82,3847
1733096952292,4155,HTTP,200,OK,Thread Group 1-470,text,true,507,81,81,4155
1733096952443,4005,HTTP,200,OK,Thread Group 1-513,text,true,507,80,80,4005
1733096952466,3982,HTTP,200,OK,Thread Group 1-519,text,true,507,79,79,3982
1733096952583,3865,HTTP,200,OK,Thread Group 1-552,text,true,549,79,79,3865
1733096952430,4019,HTTP,200,OK,Thread Group 1-509,text,true,521,77,77,4019
1733096952303,4148,HTTP,200,OK,Thread Group 1-473,text,true,549,76,76,4148
1733096952229,4223,HTTP,200,OK,Thread Group 1-452,text,true,549,75,75,4223
1733096952215,4238,HTTP,200,OK,Thread Group 1-448,text,true,549,74,74,4238
1733096952593,3860,HTTP,200,OK,Thread Group 1-555,text,true,549,73,73,3860
1733096952253,4203,HTTP,200,OK,Thread Group 1-459,text,true,549,72,72,4203
1733096952161,4296,HTTP,200,OK,Thread Group 1-433,text,true,549,71,71,4296
1733096952364,4093,HTTP,200,OK,Thread Group 1-490,text,true,507,70,70,4093
1733096952314,4144,HTTP,200,OK,Thread Group 1-476,text,true,549,69,69,4144
1733096952590,3871,HTTP,200,OK,Thread Group 1-554,text,true,549,68,68,3871
1733096952529,3932,HTTP,200,OK,Thread Group 1-537,text,true,535,67,67,3932
1733096952550,3915,HTTP,200,OK,Thread Group 1-543,text,true,521,66,66,3915
1733096952558,3907,HTTP,200,OK,Thread Group 1-545,text,true,521,65,65,3907
1733096952448,4019,HTTP,200,OK,Thread Group 1-514,text,true,507,64,64,4019
1733096952497,3971,HTTP,200,OK,Thread Group 1-528,text,true,521,63,63,3971
1733096952629,3839,HTTP,200,OK,Thread Group 1-565,text,true,535,62,62,3839
1733096952494,3975,HTTP,200,OK,Thread Group 1-527,text,true,507,61,61,3975
1733096952476,3996,HTTP,200,OK,Thread Group 1-522,text,true,549,60,60,3996
1733096952380,4094,HTTP,200,OK,Thread Group 1-495,text,true,549,59,59,4094
1733096952406,4068,HTTP,200,OK,Thread Group 1-502,text,true,535,58,58,4068
1733096952519,3958,HTTP,200,OK,Thread Group 1-534,text,true,535,57,57,3958
1733096952401,4078,HTTP,200,OK,Thread Group 1-501,text,true,535,56,56,4078
1733096952409,4071,HTTP,200,OK,Thread Group 1-503,text,true,535,56,56,4071
1733096952396,4084,HTTP,200,OK,Thread Group 1-499,text,true,535,54,54,4084
1733096952398,4083,HTTP,200,OK,Thread Group 1-500,text,true,549,53,53,4083
1733096952526,3956,HTTP,200,OK,Thread Group 1-536,text,true,521,52,52,3956
1733096952647,3836,HTTP,200,OK,Thread Group 1-570,text,true,549,52,52,3836
1733096952466,4019,HTTP,200,OK,Thread Group 1-518,text,true,521,50,50,4019
1733096952501,3985,HTTP,200,OK,Thread Group 1-529,text,true,549,49,49,3985
1733096952359,4128,HTTP,200,OK,Thread Group 1-489,text,true,549,48,48,4128
1733096952695,3792,HTTP,200,OK,Thread Group 1-583,text,true,549,48,48,3792
1733096952438,4050,HTTP,200,OK,Thread Group 1-511,text,true,535,46,46,4050
1733096952624,3864,HTTP,200,OK,Thread Group 1-564,text,true,535,45,45,3864
1733096952505,3984,HTTP,200,OK,Thread Group 1-530,text,true,521,44,44,3984
1733096952682,3811,HTTP,200,OK,Thread Group 1-580,text,true,507,43,43,3811
1733096952534,3959,HTTP,200,OK,Thread Group 1-538,text,true,521,42,42,3959
1733096952568,3926,HTTP,200,OK,Thread Group 1-548,text,true,521,41,41,3926
1733096952689,3805,HTTP,200,OK,Thread Group 1-582,text,true,507,40,40,3805
1733096952729,3766,HTTP,200,OK,Thread Group 1-593,text,true,507,39,39,3766
1733096952480,4015,HTTP,200,OK,Thread Group 1-523,text,true,521,38,38,4015
1733096952434,4062,HTTP,200,OK,Thread Group 1-510,text,true,507,37,37,4062
1733096952675,3821,HTTP,200,OK,Thread Group 1-578,text,true,535,36,36,3821
1733096952707,3790,HTTP,200,OK,Thread Group 1-587,text,true,549,35,35,3790
1733096952749,3748,HTTP,200,OK,Thread Group 1-599,text,true,507,34,34,3748
1733096952742,3755,HTTP,200,OK,Thread Group 1-597,text,true,521,33,33,3755
1733096952763,3735,HTTP,200,OK,Thread Group 1-600,text,true,521,33,32,3735
1733096952572,3926,HTTP,200,OK,Thread Group 1-549,text,true,535,31,31,3926
1733096952668,3830,HTTP,200,OK,Thread Group 1-576,text,true,549,30,30,3830
1733096952739,3760,HTTP,200,OK,Thread Group 1-596,text,true,549,30,30,3760
1733096952470,4029,HTTP,200,OK,Thread Group 1-517,text,true,521,29,29,4029
1733096952697,3803,HTTP,200,OK,Thread Group 1-584,text,true,507,28,28,3803
1733096952576,3926,HTTP,200,OK,Thread Group 1-550,text,true,521,26,26,3926
1733096952472,4031,HTTP,200,OK,Thread Group 1-515,text,true,535,25,25,4031
1733096952632,3872,HTTP,200,OK,Thread Group 1-566,text,true,535,24,24,3872
1733096952635,3870,HTTP,200,OK,Thread Group 1-567,text,true,507,23,23,3870
1733096952580,3925,HTTP,200,OK,Thread Group 1-551,text,true,535,22,22,3925
1733096952600,3905,HTTP,200,OK,Thread Group 1-557,text,true,549,22,22,3905
1733096952470,4036,HTTP,200,OK,Thread Group 1-520,text,true,507,20,20,4036
1733096952622,3885,HTTP,200,OK,Thread Group 1-563,text,true,535,19,19,3885
1733096952524,3984,HTTP,200,OK,Thread Group 1-535,text,true,535,18,18,3984
1733096952715,3794,HTTP,200,OK,Thread Group 1-589,text,true,549,17,17,3794
1733096952544,3965,HTTP,200,OK,Thread Group 1-541,text,true,549,17,17,3965
1733096952644,3865,HTTP,200,OK,Thread Group 1-569,text,true,535,15,15,3865
1733096952657,3852,HTTP,200,OK,Thread Group 1-573,text,true,535,15,15,3852
1733096952603,3906,HTTP,200,OK,Thread Group 1-558,text,true,535,13,13,3906
1733096952614,3895,HTTP,200,OK,Thread Group 1-561,text,true,549,13,13,3895
1733096952565,3945,HTTP,200,OK,Thread Group 1-547,text,true,507,11,11,3945
1733096952611,3899,HTTP,200,OK,Thread Group 1-560,text,true,521,11,11,3899
1733096952718,3792,HTTP,200,OK,Thread Group 1-590,text,true,535,9,9,3792
1733096952686,3824,HTTP,200,OK,Thread Group 1-581,text,true,535,9,9,3824
1733096952732,3779,HTTP,200,OK,Thread Group 1-594,text,true,507,7,7,3779
1733096952711,3800,HTTP,200,OK,Thread Group 1-588,text,true,521,7,7,3800
1733096952678,3833,HTTP,200,OK,Thread Group 1-579,text,true,549,6,6,3833
1733096952618,3893,HTTP,200,OK,Thread Group 1-562,text,true,535,5,5,3893
1733096952672,3839,HTTP,200,OK,Thread Group 1-577,text,true,507,5,5,3839
1733096952746,3766,HTTP,200,OK,Thread Group 1-598,text,true,521,3,3,3766
1733096952491,4021,HTTP,200,OK,Thread Group 1-526,text,true,549,3,3,4021
